{
  "batch_stats": {
    "total_vectors": 480,
    "total_time": 0.17523980140686035,
    "batch_sizes": [
      10,
      50,
      100,
      10,
      50,
      100,
      10,
      50,
      100
    ],
    "vector_dims": [
      64,
      64,
      64,
      128,
      128,
      128,
      256,
      256,
      256
    ],
    "processing_times": [
      0.007627964019775391,
      0.016857624053955078,
      0.03190946578979492,
      0.004341840744018555,
      0.019962787628173828,
      0.0296175479888916,
      0.004460811614990234,
      0.01790475845336914,
      0.0425570011138916
    ],
    "avg_scores": [
      0.049124305404026916,
      0.04970251704862669,
      0.050993413631416545,
      0.036297975858235576,
      0.03584399908777918,
      0.03576059139968271,
      0.025061574211590398,
      0.02487608206244402,
      0.024836953194348296
    ]
  },
  "learning_stats": {
    "learning_rates": [
      0.0105,
      0.011025000000000002,
      0.011576250000000003,
      0.012155062500000004,
      0.012762815625000005
    ],
    "weight_norms": [
      5.661812101645965,
      5.660973385279277,
      5.659717025273251,
      5.658076721907984,
      5.656089150135025
    ],
    "avg_scores": [
      0.03492679356032177,
      0.03571212577601287,
      0.036107233224002805,
      0.035268608078523306,
      0.03476187816316439
    ]
  },
  "memory_stats": {
    "total_memory": [
      113600
    ],
    "num_concepts": [
      100
    ],
    "memory_per_concept": [
      1136.0
    ]
  }
}