{
  "batch_stats": {
    "total_vectors": 480,
    "total_time": 0.19074726104736328,
    "batch_sizes": [
      10,
      50,
      100,
      10,
      50,
      100,
      10,
      50,
      100
    ],
    "vector_dims": [
      64,
      64,
      64,
      128,
      128,
      128,
      256,
      256,
      256
    ],
    "processing_times": [
      0.008811712265014648,
      0.015444755554199219,
      0.02498006820678711,
      0.004714488983154297,
      0.01942276954650879,
      0.04162001609802246,
      0.008516788482666016,
      0.020428180694580078,
      0.046808481216430664
    ],
    "avg_scores": [
      0.048990582216575276,
      0.05014787358409208,
      0.049223840053872224,
      0.03482537821113338,
      0.036366114279178824,
      0.0349982071242674,
      0.02498817768721873,
      0.024978149038254252,
      0.024876089574084142
    ]
  },
  "learning_stats": {
    "learning_rates": [
      0.0105,
      0.011025000000000002,
      0.011576250000000003,
      0.012155062500000004,
      0.012762815625000005
    ],
    "weight_norms": [
      5.713563931831185,
      5.7127213807298896,
      5.711470418245463,
      5.70980250977981,
      5.707782676953116
    ],
    "avg_scores": [
      0.03548617444706658,
      0.035014790355883264,
      0.03572652732459746,
      0.0357923472334635,
      0.03516212803990371
    ]
  },
  "memory_stats": {
    "total_memory": [
      113600
    ],
    "num_concepts": [
      100
    ],
    "memory_per_concept": [
      1136.0
    ]
  }
}