{
  "batch_stats": {
    "total_vectors": 480,
    "total_time": 0.23643922805786133,
    "batch_sizes": [
      10,
      50,
      100,
      10,
      50,
      100,
      10,
      50,
      100
    ],
    "vector_dims": [
      64,
      64,
      64,
      128,
      128,
      128,
      256,
      256,
      256
    ],
    "processing_times": [
      0.007511138916015625,
      0.012457847595214844,
      0.02796483039855957,
      0.003994464874267578,
      0.01675581932067871,
      0.02980804443359375,
      0.011425495147705078,
      0.01977252960205078,
      0.10674905776977539
    ],
    "avg_scores": [
      0.05166405764452712,
      0.0506609801027311,
      0.04946481225533581,
      0.036432151577798805,
      0.03571071669827204,
      0.03559039478885684,
      0.025079893941097785,
      0.024986696374123346,
      0.024868654477514185
    ]
  },
  "learning_stats": {
    "learning_rates": [
      0.0105,
      0.011025000000000002,
      0.011576250000000003,
      0.012155062500000004,
      0.012762815625000005
    ],
    "weight_norms": [
      5.627195679775263,
      5.626325051173327,
      5.625048729316078,
      5.623412158905011,
      5.621413941163714
    ],
    "avg_scores": [
      0.0007859426949222454,
      0.00042414809936160895,
      0.00031720866233415196,
      -0.00031759781528869824,
      -0.00013577794122381545
    ]
  },
  "memory_stats": {
    "total_memory": [
      113600
    ],
    "num_concepts": [
      100
    ],
    "memory_per_concept": [
      1136.0
    ]
  }
}