{
  "batch_stats": {
    "total_vectors": 960,
    "total_time": 0.5449185371398926,
    "batch_sizes": [
      10,
      50,
      100,
      10,
      50,
      100,
      10,
      50,
      100,
      10,
      50,
      100,
      10,
      50,
      100,
      10,
      50,
      100
    ],
    "vector_dims": [
      64,
      64,
      64,
      128,
      128,
      128,
      256,
      256,
      256,
      64,
      64,
      64,
      128,
      128,
      128,
      256,
      256,
      256
    ],
    "processing_times": [
      0.0044612884521484375,
      0.016336441040039062,
      0.048577308654785156,
      0.005211830139160156,
      0.026894092559814453,
      0.03817605972290039,
      0.01265716552734375,
      0.022130489349365234,
      0.07721757888793945,
      0.003498077392578125,
      0.027252912521362305,
      0.04625892639160156,
      0.0038421154022216797,
      0.028540372848510742,
      0.06640458106994629,
      0.012218236923217773,
      0.023065567016601562,
      0.08217549324035645
    ],
    "avg_scores": [
      0.05172444935430296,
      0.049957344249907526,
      0.050372324033146246,
      0.0351642681376753,
      0.035145057465529386,
      0.034976325983901047,
      0.02409457730847566,
      0.02472259380081878,
      0.024884902157155785,
      0.04715060681187646,
      0.049006551423569134,
      0.04932225592787919,
      0.035407045705156716,
      0.03543538362499375,
      0.03513768957624519,
      0.02452052419563762,
      0.024790084236535025,
      0.025291567508942566
    ]
  },
  "learning_stats": {
    "learning_rates": [
      0.0105,
      0.011025000000000002,
      0.011576250000000003,
      0.012155062500000004,
      0.012762815625000005,
      0.0105,
      0.011025000000000002,
      0.011576250000000003,
      0.012155062500000004,
      0.012762815625000005
    ],
    "weight_norms": [
      5.654913559263461,
      5.654059710068881,
      5.652799145157144,
      5.651157508544549,
      5.649147604279834,
      5.679319694201685,
      5.678453182240541,
      5.677166257140808,
      5.6755130890248635,
      5.673490301927873
    ],
    "avg_scores": [
      0.03567269123563169,
      0.03500205923521588,
      0.035350341567736365,
      0.035011926086132295,
      0.03545896368393381,
      0.0354569406655365,
      0.03567602338229795,
      0.03588160133120428,
      0.03560609412794205,
      0.035543567472902986
    ]
  },
  "memory_stats": {
    "total_memory": [
      113600,
      113600
    ],
    "num_concepts": [
      100,
      100
    ],
    "memory_per_concept": [
      1136.0,
      1136.0
    ]
  }
}