{
  "batch_stats": {
    "total_vectors": 480,
    "total_time": 0.2390756607055664,
    "batch_sizes": [
      10,
      50,
      100,
      10,
      50,
      100,
      10,
      50,
      100
    ],
    "vector_dims": [
      64,
      64,
      64,
      128,
      128,
      128,
      256,
      256,
      256
    ],
    "processing_times": [
      0.004026651382446289,
      0.014889240264892578,
      0.02983570098876953,
      0.004055023193359375,
      0.016820430755615234,
      0.03196430206298828,
      0.009036540985107422,
      0.02072882652282715,
      0.10771894454956055
    ],
    "avg_scores": [
      0.05239446827591574,
      0.04972416463761872,
      0.04948126520146676,
      0.03617933189601107,
      0.035397562735447245,
      0.03494544556345138,
      0.024991365099295622,
      0.02468378987562987,
      0.024977105917466335
    ]
  },
  "learning_stats": {
    "learning_rates": [
      0.0105,
      0.011025000000000002,
      0.011576250000000003,
      0.012155062500000004,
      0.012762815625000005
    ],
    "weight_norms": [
      5.646846600346577,
      5.645991174631895,
      5.644737984248565,
      5.643114206120633,
      5.641134305774578
    ],
    "avg_scores": [
      8.843881830930124e-05,
      0.0012256674415432225,
      7.279949910050029e-05,
      0.0010299753931870411,
      0.0005719595781965945
    ]
  },
  "memory_stats": {
    "total_memory": [
      113600
    ],
    "num_concepts": [
      100
    ],
    "memory_per_concept": [
      1136.0
    ]
  }
}