{
  "batch_stats": {
    "total_vectors": 480,
    "total_time": 0.19720458984375,
    "batch_sizes": [
      10,
      50,
      100,
      10,
      50,
      100,
      10,
      50,
      100
    ],
    "vector_dims": [
      64,
      64,
      64,
      128,
      128,
      128,
      256,
      256,
      256
    ],
    "processing_times": [
      0.004162788391113281,
      0.017571687698364258,
      0.03466916084289551,
      0.0058863162994384766,
      0.02258610725402832,
      0.034041404724121094,
      0.010790824890136719,
      0.018311738967895508,
      0.049184560775756836
    ],
    "avg_scores": [
      0.05170428452446404,
      0.04971480204059182,
      0.04892816779053256,
      0.0357753836692988,
      0.035516712706919355,
      0.035373786381206314,
      0.024879808320373262,
      0.024785449982625885,
      0.02484074011016254
    ]
  },
  "learning_stats": {
    "learning_rates": [
      0.0105,
      0.011025000000000002,
      0.011576250000000003,
      0.012155062500000004,
      0.012762815625000005
    ],
    "weight_norms": [
      5.611981602106686,
      5.611124803350056,
      5.609853190918735,
      5.608212641687646,
      5.606221050004495
    ],
    "avg_scores": [
      -0.0003508319843034162,
      -0.0002845081214140388,
      -0.00020205363349889836,
      -0.0005209428206487094,
      0.0004474946711179273
    ]
  },
  "memory_stats": {
    "total_memory": [
      113600
    ],
    "num_concepts": [
      100
    ],
    "memory_per_concept": [
      1136.0
    ]
  }
}