{
  "batch_stats": {
    "total_vectors": 960,
    "total_time": 0.4355013370513916,
    "batch_sizes": [
      10,
      50,
      100,
      10,
      50,
      100,
      10,
      50,
      100,
      10,
      50,
      100,
      10,
      50,
      100,
      10,
      50,
      100
    ],
    "vector_dims": [
      64,
      64,
      64,
      128,
      128,
      128,
      256,
      256,
      256,
      64,
      64,
      64,
      128,
      128,
      128,
      256,
      256,
      256
    ],
    "processing_times": [
      0.004810810089111328,
      0.015531063079833984,
      0.029137611389160156,
      0.013744592666625977,
      0.016219139099121094,
      0.05053353309631348,
      0.011222124099731445,
      0.01900172233581543,
      0.042616844177246094,
      0.04478883743286133,
      0.019852399826049805,
      0.046968936920166016,
      0.005034446716308594,
      0.019942522048950195,
      0.03430032730102539,
      0.003957271575927734,
      0.022392988204956055,
      0.0354461669921875
    ],
    "avg_scores": [
      0.04959584159062706,
      0.04986341246784878,
      0.049616685326583025,
      0.03521943636276053,
      0.034793866396319234,
      0.03490761899813059,
      0.02443226012030849,
      0.024949056079590505,
      0.02476199084016798,
      0.05038900391814456,
      0.04901174824768801,
      0.04965706939234808,
      0.03644306520297511,
      0.035595383478216176,
      0.03515594823265653,
      0.02492823252067881,
      0.024903827581621334,
      0.02482817380393303
    ]
  },
  "learning_stats": {
    "learning_rates": [
      0.0105,
      0.011025000000000002,
      0.011576250000000003,
      0.012155062500000004,
      0.012762815625000005,
      0.0105,
      0.011025000000000002,
      0.011576250000000003,
      0.012155062500000004,
      0.012762815625000005
    ],
    "weight_norms": [
      5.667185708884217,
      5.666302558091789,
      5.66504927777979,
      5.663416431711212,
      5.66139198389538,
      5.64330211398101,
      5.642436965627751,
      5.641157274624677,
      5.639474833907869,
      5.63743763733069
    ],
    "avg_scores": [
      0.03586188090797245,
      0.03546286544150504,
      0.035110920525456606,
      0.035276620463873934,
      0.03565528319504333,
      0.03505488487061852,
      0.03518374033300604,
      0.035254460504184,
      0.03573107869749911,
      0.03511255872192456
    ]
  },
  "memory_stats": {
    "total_memory": [
      113600,
      113600
    ],
    "num_concepts": [
      100,
      100
    ],
    "memory_per_concept": [
      1136.0,
      1136.0
    ]
  }
}