{
  "batch_stats": {
    "total_vectors": 480,
    "total_time": 0.1731717586517334,
    "batch_sizes": [
      10,
      50,
      100,
      10,
      50,
      100,
      10,
      50,
      100
    ],
    "vector_dims": [
      64,
      64,
      64,
      128,
      128,
      128,
      256,
      256,
      256
    ],
    "processing_times": [
      0.007886886596679688,
      0.018393754959106445,
      0.03126788139343262,
      0.003895998001098633,
      0.0208742618560791,
      0.03070235252380371,
      0.004743814468383789,
      0.019597291946411133,
      0.03580951690673828
    ],
    "avg_scores": [
      0.05066409899621081,
      0.04963523681504455,
      0.050029884724444,
      0.034508478684406076,
      0.034800204546031305,
      0.034943291543556264,
      0.024961567749816737,
      0.02508643827544849,
      0.024989646181459442
    ]
  },
  "learning_stats": {
    "learning_rates": [
      0.0105,
      0.011025000000000002,
      0.011576250000000003,
      0.012155062500000004,
      0.012762815625000005
    ],
    "weight_norms": [
      5.663551361431316,
      5.662701775597608,
      5.661448502542275,
      5.659818513910508,
      5.657829636964749
    ],
    "avg_scores": [
      -0.00025952519746546144,
      -0.0004031168197725422,
      0.0011455988014367389,
      -0.001225864539338881,
      0.0005278485439752277
    ]
  },
  "memory_stats": {
    "total_memory": [
      113600
    ],
    "num_concepts": [
      100
    ],
    "memory_per_concept": [
      1136.0
    ]
  }
}