{
  "batch_stats": {
    "total_vectors": 480,
    "total_time": 0.19730663299560547,
    "batch_sizes": [
      10,
      50,
      100,
      10,
      50,
      100,
      10,
      50,
      100
    ],
    "vector_dims": [
      64,
      64,
      64,
      128,
      128,
      128,
      256,
      256,
      256
    ],
    "processing_times": [
      0.004338979721069336,
      0.015485048294067383,
      0.056853532791137695,
      0.00386810302734375,
      0.015219926834106445,
      0.036168813705444336,
      0.004332065582275391,
      0.022196054458618164,
      0.03884410858154297
    ],
    "avg_scores": [
      0.04818765729748479,
      0.04910089533518543,
      0.048654933101833026,
      0.03629929389301641,
      0.03506016631805481,
      0.03537354901314489,
      0.02498350860538017,
      0.02460465052155488,
      0.024908489960013176
    ]
  },
  "learning_stats": {
    "learning_rates": [
      0.0105,
      0.011025000000000002,
      0.011576250000000003,
      0.012155062500000004,
      0.012762815625000005
    ],
    "weight_norms": [
      5.650792527153156,
      5.649945666582446,
      5.648710893871,
      5.647093313692195,
      5.6450989073707545
    ],
    "avg_scores": [
      0.03503655105272732,
      0.03516877475758438,
      0.03476769401588436,
      0.03529476627139622,
      0.03529436615613683
    ]
  },
  "memory_stats": {
    "total_memory": [
      113600
    ],
    "num_concepts": [
      100
    ],
    "memory_per_concept": [
      1136.0
    ]
  }
}