{
  "batch_stats": {
    "total_vectors": 480,
    "total_time": 0.06337332725524902,
    "batch_sizes": [
      10,
      50,
      100,
      10,
      50,
      100,
      10,
      50,
      100
    ],
    "vector_dims": [
      64,
      64,
      64,
      128,
      128,
      128,
      256,
      256,
      256
    ],
    "processing_times": [
      0.0032393932342529297,
      0.003208160400390625,
      0.0034782886505126953,
      0.002305269241333008,
      0.003991842269897461,
      0.011421918869018555,
      0.003387451171875,
      0.011577606201171875,
      0.020763397216796875
    ],
    "avg_scores": [
      0.0994957289429491,
      0.09650090487442568,
      0.09801509037132043,
      0.07103960325495644,
      0.06954973617821122,
      0.07156803422315164,
      0.051206016086570494,
      0.049246444830064136,
      0.049611932175352896
    ]
  },
  "learning_stats": {
    "learning_rates": [
      0.01,
      0.01,
      0.01,
      0.01,
      0.01
    ],
    "weight_norms": [
      11.315081848975515,
      11.315343457664577,
      11.315842010107634,
      11.316739849301712,
      11.317901708950796
    ],
    "avg_scores": [
      0.0010963795965885541,
      -0.0016025281893944842,
      0.0008389151616577031,
      0.0010995443239445546,
      -0.00019297184241066405
    ]
  },
  "memory_stats": {
    "total_memory": [
      0.09765625
    ],
    "num_concepts": [
      100
    ],
    "memory_per_concept": [
      0.0009765625
    ]
  }
}